PID,Dataset_1,Forecast Horizon_1,TS Amount_1,Windows_1,Dataset_2,Forecast Horizon_2,TS Amount_2,Windows_2,Dataset_3,Forecast Horizon_3,TS Amount_3,Windows_3,Dataset_4,Forecast Horizon_4,TS Amount_4,Windows_4,Dataset_5,Forecast Horizon_5,TS Amount_5,Windows_5,Dataset_6,Forecast Horizon_6,TS Amount_6,Windows_6,Dataset_7,Forecast Horizon_7,TS Amount_7,Windows_7,Dataset_8,Forecast Horizon_8,TS Amount_8,Windows_8,Dataset_9,Forecast Horizon_9,TS Amount_9,Windows_9,Dataset_10,Forecast Horizon_10,TS Amount_10,Windows_10,Dataset_11,Forecast Horizon_11,TS Amount_11,Windows_11,Dataset_12,Forecast Horizon_12,TS Amount_12,Windows_12,Dataset_13,Forecast Horizon_13,TS Amount_13,Windows_13,Time Limit,Learning Rate,Batch Size,L2-SP Lambda,Weight Decay,Total Time Spent,Initial Validation Loss,Best Validation Loss,Last Validation Loss,Total Steps,Best Step,Early Stopping Reason,Avg Time Per Step,Avg Device Utilization
39673088,SZ_TAXI/H,48.0,312.0,1.0,electricity/H,48.0,7380.0,1.0,electricity/W,8.0,1104.0,1.0,LOOP_SEATTLE/D,30.0,646.0,1.0,hospital,12.0,767.0,1.0,solar/W,8.0,137.0,1.0,us_births/D,30.0,20.0,1.0,M_DENSE/D,30.0,90.0,1.0,covid_deaths,30.0,226.0,1.0,SZ_TAXI/15T,48.0,1092.0,1.0,hierarchical_sales/D,30.0,826.0,1.0,hierarchical_sales/D,30.0,826.0,1.0,saugeenday/W,8.0,20.0,1.0,2400.0,0.0005,2.0,0.0,0.0,2417.019904613495,0.362410051070177,0.3496489727623887,0.3496489727623887,130.0,129.0,Early stopping due no time.,18.59246299633613,37.184615384615384
39673089,SZ_TAXI/H,48.0,312.0,1.0,electricity/H,48.0,7380.0,1.0,electricity/W,8.0,1104.0,1.0,LOOP_SEATTLE/D,30.0,646.0,1.0,hospital,12.0,767.0,1.0,solar/W,8.0,137.0,1.0,us_births/D,30.0,20.0,1.0,M_DENSE/D,30.0,90.0,1.0,covid_deaths,30.0,226.0,1.0,SZ_TAXI/15T,48.0,1092.0,1.0,hierarchical_sales/D,30.0,826.0,1.0,hierarchical_sales/D,30.0,826.0,1.0,saugeenday/W,8.0,20.0,1.0,2400.0,0.0005,2.0,0.0001,0.0,2402.315631389618,0.362410051070177,0.27927499804021777,0.34530665748962514,130.0,109.0,Early stopping due no time.,18.479351946023794,37.53846153846154
39673090,SZ_TAXI/H,48.0,312.0,1.0,electricity/H,48.0,7380.0,1.0,electricity/W,8.0,1104.0,1.0,LOOP_SEATTLE/D,30.0,646.0,1.0,hospital,12.0,767.0,1.0,solar/W,8.0,137.0,1.0,us_births/D,30.0,20.0,1.0,M_DENSE/D,30.0,90.0,1.0,covid_deaths,30.0,226.0,1.0,SZ_TAXI/15T,48.0,1092.0,1.0,hierarchical_sales/D,30.0,826.0,1.0,hierarchical_sales/D,30.0,826.0,1.0,saugeenday/W,8.0,20.0,1.0,2400.0,0.0005,2.0,0.0015,0.0,2404.6936638355255,0.362410051070177,0.31272304440962834,0.4060245096254363,129.0,89.0,Early stopping due no time.,18.641038410423338,36.34108527131783
39673091,SZ_TAXI/H,48.0,312.0,1.0,electricity/H,48.0,7380.0,1.0,electricity/W,8.0,1104.0,1.0,LOOP_SEATTLE/D,30.0,646.0,1.0,hospital,12.0,767.0,1.0,solar/W,8.0,137.0,1.0,us_births/D,30.0,20.0,1.0,M_DENSE/D,30.0,90.0,1.0,covid_deaths,30.0,226.0,1.0,SZ_TAXI/15T,48.0,1092.0,1.0,hierarchical_sales/D,30.0,826.0,1.0,hierarchical_sales/D,30.0,826.0,1.0,saugeenday/W,8.0,20.0,1.0,2400.0,0.0005,4.0,0.0,0.0,2380.6803267002106,0.362410051070177,0.33059149533958937,0.4053229695967722,69.0,29.0,Early stopping due no time.,34.502614173336305,45.333333333333336
39673092,SZ_TAXI/H,48.0,312.0,1.0,electricity/H,48.0,7380.0,1.0,electricity/W,8.0,1104.0,1.0,LOOP_SEATTLE/D,30.0,646.0,1.0,hospital,12.0,767.0,1.0,solar/W,8.0,137.0,1.0,us_births/D,30.0,20.0,1.0,M_DENSE/D,30.0,90.0,1.0,covid_deaths,30.0,226.0,1.0,SZ_TAXI/15T,48.0,1092.0,1.0,hierarchical_sales/D,30.0,826.0,1.0,hierarchical_sales/D,30.0,826.0,1.0,saugeenday/W,8.0,20.0,1.0,2400.0,0.0005,4.0,0.0001,0.0,2376.054292678833,0.362410051070177,0.27408796754471443,0.27408796754471443,68.0,59.0,Early stopping due no time.,34.941975607591516,44.48529411764706
39673093,SZ_TAXI/H,48.0,312.0,1.0,electricity/H,48.0,7380.0,1.0,electricity/W,8.0,1104.0,1.0,LOOP_SEATTLE/D,30.0,646.0,1.0,hospital,12.0,767.0,1.0,solar/W,8.0,137.0,1.0,us_births/D,30.0,20.0,1.0,M_DENSE/D,30.0,90.0,1.0,covid_deaths,30.0,226.0,1.0,SZ_TAXI/15T,48.0,1092.0,1.0,hierarchical_sales/D,30.0,826.0,1.0,hierarchical_sales/D,30.0,826.0,1.0,saugeenday/W,8.0,20.0,1.0,2400.0,0.0005,4.0,0.0015,0.0,2387.8860976696014,0.362410051070177,0.3074223380727976,0.3074223380727976,69.0,59.0,Early stopping due no time.,34.607045640116155,49.869565217391305
39673094,SZ_TAXI/H,48.0,312.0,1.0,electricity/H,48.0,7380.0,1.0,electricity/W,8.0,1104.0,1.0,LOOP_SEATTLE/D,30.0,646.0,1.0,hospital,12.0,767.0,1.0,solar/W,8.0,137.0,1.0,us_births/D,30.0,20.0,1.0,M_DENSE/D,30.0,90.0,1.0,covid_deaths,30.0,226.0,1.0,SZ_TAXI/15T,48.0,1092.0,1.0,hierarchical_sales/D,30.0,826.0,1.0,hierarchical_sales/D,30.0,826.0,1.0,saugeenday/W,8.0,20.0,1.0,2400.0,0.0005,8.0,0.0,0.0,2347.208099603653,0.362410051070177,0.2913958756019857,0.2913958756019857,35.0,29.0,Early stopping due no time.,67.06308983394078,47.91428571428571
39673095,SZ_TAXI/H,48.0,312.0,1.0,electricity/H,48.0,7380.0,1.0,electricity/W,8.0,1104.0,1.0,LOOP_SEATTLE/D,30.0,646.0,1.0,hospital,12.0,767.0,1.0,solar/W,8.0,137.0,1.0,us_births/D,30.0,20.0,1.0,M_DENSE/D,30.0,90.0,1.0,covid_deaths,30.0,226.0,1.0,SZ_TAXI/15T,48.0,1092.0,1.0,hierarchical_sales/D,30.0,826.0,1.0,hierarchical_sales/D,30.0,826.0,1.0,saugeenday/W,8.0,20.0,1.0,2400.0,0.0005,8.0,0.0001,0.0,2376.3670876026154,0.362410051070177,0.28995800572859065,0.36679987693781807,35.0,19.0,Early stopping due no time.,67.89620368821281,48.114285714285714
39673096,SZ_TAXI/H,48.0,312.0,1.0,electricity/H,48.0,7380.0,1.0,electricity/W,8.0,1104.0,1.0,LOOP_SEATTLE/D,30.0,646.0,1.0,hospital,12.0,767.0,1.0,solar/W,8.0,137.0,1.0,us_births/D,30.0,20.0,1.0,M_DENSE/D,30.0,90.0,1.0,covid_deaths,30.0,226.0,1.0,SZ_TAXI/15T,48.0,1092.0,1.0,hierarchical_sales/D,30.0,826.0,1.0,hierarchical_sales/D,30.0,826.0,1.0,saugeenday/W,8.0,20.0,1.0,2400.0,0.0005,8.0,0.0015,0.0,2549.297398328781,0.362410051070177,0.30010697826660415,0.30010697826660415,36.0,29.0,Early stopping due no time.,70.81381775273218,48.27777777777778
39673097,SZ_TAXI/H,48.0,312.0,1.0,electricity/H,48.0,7380.0,1.0,electricity/W,8.0,1104.0,1.0,LOOP_SEATTLE/D,30.0,646.0,1.0,hospital,12.0,767.0,1.0,solar/W,8.0,137.0,1.0,us_births/D,30.0,20.0,1.0,M_DENSE/D,30.0,90.0,1.0,covid_deaths,30.0,226.0,1.0,SZ_TAXI/15T,48.0,1092.0,1.0,hierarchical_sales/D,30.0,826.0,1.0,hierarchical_sales/D,30.0,826.0,1.0,saugeenday/W,8.0,20.0,1.0,2400.0,0.0005,16.0,0.0,0.0,2286.436119556427,0.362410051070177,0.3569076301161446,0.3569076301161446,20.0,19.0,Early stopping due no time.,114.32180781364441,49.1
39673098,SZ_TAXI/H,48.0,312.0,1.0,electricity/H,48.0,7380.0,1.0,electricity/W,8.0,1104.0,1.0,LOOP_SEATTLE/D,30.0,646.0,1.0,hospital,12.0,767.0,1.0,solar/W,8.0,137.0,1.0,us_births/D,30.0,20.0,1.0,M_DENSE/D,30.0,90.0,1.0,covid_deaths,30.0,226.0,1.0,SZ_TAXI/15T,48.0,1092.0,1.0,hierarchical_sales/D,30.0,826.0,1.0,hierarchical_sales/D,30.0,826.0,1.0,saugeenday/W,8.0,20.0,1.0,2400.0,0.0005,16.0,0.0001,0.0,2650.2901000976562,0.362410051070177,0.3583311241311295,0.3583311241311295,25.0,19.0,Early stopping due no time.,106.01160543441773,46.48
39673099,SZ_TAXI/H,48.0,312.0,1.0,electricity/H,48.0,7380.0,1.0,electricity/W,8.0,1104.0,1.0,LOOP_SEATTLE/D,30.0,646.0,1.0,hospital,12.0,767.0,1.0,solar/W,8.0,137.0,1.0,us_births/D,30.0,20.0,1.0,M_DENSE/D,30.0,90.0,1.0,covid_deaths,30.0,226.0,1.0,SZ_TAXI/15T,48.0,1092.0,1.0,hierarchical_sales/D,30.0,826.0,1.0,hierarchical_sales/D,30.0,826.0,1.0,saugeenday/W,8.0,20.0,1.0,2400.0,0.0005,16.0,0.0015,0.0,2288.737781047821,0.362410051070177,0.3552166847634942,0.3552166847634942,21.0,19.0,Early stopping due no time.,108.98751506351289,51.666666666666664
39673100,SZ_TAXI/H,48.0,312.0,1.0,electricity/H,48.0,7380.0,1.0,electricity/W,8.0,1104.0,1.0,LOOP_SEATTLE/D,30.0,646.0,1.0,hospital,12.0,767.0,1.0,solar/W,8.0,137.0,1.0,us_births/D,30.0,20.0,1.0,M_DENSE/D,30.0,90.0,1.0,covid_deaths,30.0,226.0,1.0,SZ_TAXI/15T,48.0,1092.0,1.0,hierarchical_sales/D,30.0,826.0,1.0,hierarchical_sales/D,30.0,826.0,1.0,saugeenday/W,8.0,20.0,1.0,2400.0,0.0005,32.0,0.0,0.0,2165.2068643569946,0.362410051070177,0.362410051070177,0.39438546602201724,10.0,0.0,Early stopping due no time.,216.52068972587585,45.8
39673101,SZ_TAXI/H,48.0,312.0,1.0,electricity/H,48.0,7380.0,1.0,electricity/W,8.0,1104.0,1.0,LOOP_SEATTLE/D,30.0,646.0,1.0,hospital,12.0,767.0,1.0,solar/W,8.0,137.0,1.0,us_births/D,30.0,20.0,1.0,M_DENSE/D,30.0,90.0,1.0,covid_deaths,30.0,226.0,1.0,SZ_TAXI/15T,48.0,1092.0,1.0,hierarchical_sales/D,30.0,826.0,1.0,hierarchical_sales/D,30.0,826.0,1.0,saugeenday/W,8.0,20.0,1.0,2400.0,0.0005,32.0,0.0001,0.0,2225.321897506714,0.362410051070177,0.362410051070177,0.39230803411212156,13.0,0.0,Early stopping due no time.,171.17861006810114,50.38461538461539
39673102,SZ_TAXI/H,48.0,312.0,1.0,electricity/H,48.0,7380.0,1.0,electricity/W,8.0,1104.0,1.0,LOOP_SEATTLE/D,30.0,646.0,1.0,hospital,12.0,767.0,1.0,solar/W,8.0,137.0,1.0,us_births/D,30.0,20.0,1.0,M_DENSE/D,30.0,90.0,1.0,covid_deaths,30.0,226.0,1.0,SZ_TAXI/15T,48.0,1092.0,1.0,hierarchical_sales/D,30.0,826.0,1.0,hierarchical_sales/D,30.0,826.0,1.0,saugeenday/W,8.0,20.0,1.0,2400.0,0.0005,32.0,0.0015,0.0,2162.020164012909,0.362410051070177,0.362410051070177,0.3927421239279278,10.0,0.0,Early stopping due no time.,216.202019906044,52.7
39673103,,,,,,,,,,,,,,,,,,,,,,,,,,,,,,,,,,,,,,,,,,,,,,,,,,,,,,,,,,,,,,,,,,
39673104,,,,,,,,,,,,,,,,,,,,,,,,,,,,,,,,,,,,,,,,,,,,,,,,,,,,,,,,,,,,,,,,,,
39673105,,,,,,,,,,,,,,,,,,,,,,,,,,,,,,,,,,,,,,,,,,,,,,,,,,,,,,,,,,,,,,,,,,
39673106,SZ_TAXI/H,48.0,312.0,1.0,electricity/H,48.0,7380.0,1.0,electricity/W,8.0,1104.0,1.0,LOOP_SEATTLE/D,30.0,646.0,1.0,hospital,12.0,767.0,1.0,solar/W,8.0,137.0,1.0,us_births/D,30.0,20.0,1.0,M_DENSE/D,30.0,90.0,1.0,covid_deaths,30.0,226.0,1.0,SZ_TAXI/15T,48.0,1092.0,1.0,hierarchical_sales/D,30.0,826.0,1.0,hierarchical_sales/D,30.0,826.0,1.0,saugeenday/W,8.0,20.0,1.0,2400.0,5e-05,2.0,0.0,0.0,2397.4026713371277,0.362410051070177,0.32691404128174867,0.33291216680261826,129.0,99.0,Early stopping due no time.,18.58451848251875,36.89147286821706
39673107,SZ_TAXI/H,48.0,312.0,1.0,electricity/H,48.0,7380.0,1.0,electricity/W,8.0,1104.0,1.0,LOOP_SEATTLE/D,30.0,646.0,1.0,hospital,12.0,767.0,1.0,solar/W,8.0,137.0,1.0,us_births/D,30.0,20.0,1.0,M_DENSE/D,30.0,90.0,1.0,covid_deaths,30.0,226.0,1.0,SZ_TAXI/15T,48.0,1092.0,1.0,hierarchical_sales/D,30.0,826.0,1.0,hierarchical_sales/D,30.0,826.0,1.0,saugeenday/W,8.0,20.0,1.0,2400.0,5e-05,2.0,0.0001,0.0,2428.038167953491,0.362410051070177,0.3269330864687799,0.33435681209622375,129.0,89.0,Early stopping due no time.,18.822003584499505,36.46511627906977
39673108,SZ_TAXI/H,48.0,312.0,1.0,electricity/H,48.0,7380.0,1.0,electricity/W,8.0,1104.0,1.0,LOOP_SEATTLE/D,30.0,646.0,1.0,hospital,12.0,767.0,1.0,solar/W,8.0,137.0,1.0,us_births/D,30.0,20.0,1.0,M_DENSE/D,30.0,90.0,1.0,covid_deaths,30.0,226.0,1.0,SZ_TAXI/15T,48.0,1092.0,1.0,hierarchical_sales/D,30.0,826.0,1.0,hierarchical_sales/D,30.0,826.0,1.0,saugeenday/W,8.0,20.0,1.0,2400.0,5e-05,2.0,0.0015,0.0,2408.377182006836,0.362410051070177,0.326530353190633,0.33466260429644956,129.0,89.0,Early stopping due no time.,18.669592363889826,39.2093023255814
39673109,SZ_TAXI/H,48.0,312.0,1.0,electricity/H,48.0,7380.0,1.0,electricity/W,8.0,1104.0,1.0,LOOP_SEATTLE/D,30.0,646.0,1.0,hospital,12.0,767.0,1.0,solar/W,8.0,137.0,1.0,us_births/D,30.0,20.0,1.0,M_DENSE/D,30.0,90.0,1.0,covid_deaths,30.0,226.0,1.0,SZ_TAXI/15T,48.0,1092.0,1.0,hierarchical_sales/D,30.0,826.0,1.0,hierarchical_sales/D,30.0,826.0,1.0,saugeenday/W,8.0,20.0,1.0,2400.0,5e-05,4.0,0.0,0.0,2374.272413253784,0.362410051070177,0.33791759914598324,0.33791759914598324,67.0,59.0,Early stopping due no time.,35.43690247322196,46.343283582089555
39673110,SZ_TAXI/H,48.0,312.0,1.0,electricity/H,48.0,7380.0,1.0,electricity/W,8.0,1104.0,1.0,LOOP_SEATTLE/D,30.0,646.0,1.0,hospital,12.0,767.0,1.0,solar/W,8.0,137.0,1.0,us_births/D,30.0,20.0,1.0,M_DENSE/D,30.0,90.0,1.0,covid_deaths,30.0,226.0,1.0,SZ_TAXI/15T,48.0,1092.0,1.0,hierarchical_sales/D,30.0,826.0,1.0,hierarchical_sales/D,30.0,826.0,1.0,saugeenday/W,8.0,20.0,1.0,2400.0,5e-05,4.0,0.0001,0.0,2380.525026321411,0.362410051070177,0.33812300070223483,0.33812300070223483,66.0,59.0,Early stopping due no time.,36.06856177431165,46.57575757575758
39673111,SZ_TAXI/H,48.0,312.0,1.0,electricity/H,48.0,7380.0,1.0,electricity/W,8.0,1104.0,1.0,LOOP_SEATTLE/D,30.0,646.0,1.0,hospital,12.0,767.0,1.0,solar/W,8.0,137.0,1.0,us_births/D,30.0,20.0,1.0,M_DENSE/D,30.0,90.0,1.0,covid_deaths,30.0,226.0,1.0,SZ_TAXI/15T,48.0,1092.0,1.0,hierarchical_sales/D,30.0,826.0,1.0,hierarchical_sales/D,30.0,826.0,1.0,saugeenday/W,8.0,20.0,1.0,2400.0,5e-05,4.0,0.0015,0.0,2372.14853310585,0.362410051070177,0.33780358348450845,0.33780358348450845,67.0,59.0,Early stopping due no time.,35.405202726819624,47.014925373134325
39673112,SZ_TAXI/H,48.0,312.0,1.0,electricity/H,48.0,7380.0,1.0,electricity/W,8.0,1104.0,1.0,LOOP_SEATTLE/D,30.0,646.0,1.0,hospital,12.0,767.0,1.0,solar/W,8.0,137.0,1.0,us_births/D,30.0,20.0,1.0,M_DENSE/D,30.0,90.0,1.0,covid_deaths,30.0,226.0,1.0,SZ_TAXI/15T,48.0,1092.0,1.0,hierarchical_sales/D,30.0,826.0,1.0,hierarchical_sales/D,30.0,826.0,1.0,saugeenday/W,8.0,20.0,1.0,2400.0,5e-05,8.0,0.0,0.0,2346.485342025757,0.362410051070177,0.34229854668017784,0.3448916735986597,35.0,19.0,Early stopping due no time.,67.04243950162615,46.91428571428571
39673113,SZ_TAXI/H,48.0,312.0,1.0,electricity/H,48.0,7380.0,1.0,electricity/W,8.0,1104.0,1.0,LOOP_SEATTLE/D,30.0,646.0,1.0,hospital,12.0,767.0,1.0,solar/W,8.0,137.0,1.0,us_births/D,30.0,20.0,1.0,M_DENSE/D,30.0,90.0,1.0,covid_deaths,30.0,226.0,1.0,SZ_TAXI/15T,48.0,1092.0,1.0,hierarchical_sales/D,30.0,826.0,1.0,hierarchical_sales/D,30.0,826.0,1.0,saugeenday/W,8.0,20.0,1.0,2400.0,5e-05,8.0,0.0001,0.0,2375.0529687404633,0.362410051070177,0.3422672585398581,0.34417961037322004,35.0,19.0,Early stopping due no time.,67.85865745544433,48.714285714285715
39673114,SZ_TAXI/H,48.0,312.0,1.0,electricity/H,48.0,7380.0,1.0,electricity/W,8.0,1104.0,1.0,LOOP_SEATTLE/D,30.0,646.0,1.0,hospital,12.0,767.0,1.0,solar/W,8.0,137.0,1.0,us_births/D,30.0,20.0,1.0,M_DENSE/D,30.0,90.0,1.0,covid_deaths,30.0,226.0,1.0,SZ_TAXI/15T,48.0,1092.0,1.0,hierarchical_sales/D,30.0,826.0,1.0,hierarchical_sales/D,30.0,826.0,1.0,saugeenday/W,8.0,20.0,1.0,2400.0,5e-05,8.0,0.0015,0.0,2378.8858926296234,0.362410051070177,0.3428817163153919,0.34374484945637945,35.0,19.0,Early stopping due no time.,67.96816955975123,48.65714285714286
39673115,SZ_TAXI/H,48.0,312.0,1.0,electricity/H,48.0,7380.0,1.0,electricity/W,8.0,1104.0,1.0,LOOP_SEATTLE/D,30.0,646.0,1.0,hospital,12.0,767.0,1.0,solar/W,8.0,137.0,1.0,us_births/D,30.0,20.0,1.0,M_DENSE/D,30.0,90.0,1.0,covid_deaths,30.0,226.0,1.0,SZ_TAXI/15T,48.0,1092.0,1.0,hierarchical_sales/D,30.0,826.0,1.0,hierarchical_sales/D,30.0,826.0,1.0,saugeenday/W,8.0,20.0,1.0,2400.0,5e-05,16.0,0.0,0.0,2287.6001183986664,0.362410051070177,0.34634232078762067,0.34634232078762067,20.0,19.0,Early stopping due no time.,114.38000776767731,49.6
39673116,SZ_TAXI/H,48.0,312.0,1.0,electricity/H,48.0,7380.0,1.0,electricity/W,8.0,1104.0,1.0,LOOP_SEATTLE/D,30.0,646.0,1.0,hospital,12.0,767.0,1.0,solar/W,8.0,137.0,1.0,us_births/D,30.0,20.0,1.0,M_DENSE/D,30.0,90.0,1.0,covid_deaths,30.0,226.0,1.0,SZ_TAXI/15T,48.0,1092.0,1.0,hierarchical_sales/D,30.0,826.0,1.0,hierarchical_sales/D,30.0,826.0,1.0,saugeenday/W,8.0,20.0,1.0,2400.0,5e-05,16.0,0.0001,0.0,2646.8770060539246,0.362410051070177,0.3460419927787319,0.3460419927787319,25.0,19.0,Early stopping due no time.,105.87508191108704,47.2
39673117,SZ_TAXI/H,48.0,312.0,1.0,electricity/H,48.0,7380.0,1.0,electricity/W,8.0,1104.0,1.0,LOOP_SEATTLE/D,30.0,646.0,1.0,hospital,12.0,767.0,1.0,solar/W,8.0,137.0,1.0,us_births/D,30.0,20.0,1.0,M_DENSE/D,30.0,90.0,1.0,covid_deaths,30.0,226.0,1.0,SZ_TAXI/15T,48.0,1092.0,1.0,hierarchical_sales/D,30.0,826.0,1.0,hierarchical_sales/D,30.0,826.0,1.0,saugeenday/W,8.0,20.0,1.0,2400.0,5e-05,16.0,0.0015,0.0,2291.3595519065857,0.362410051070177,0.3464658019371933,0.3464658019371933,22.0,19.0,Early stopping due no time.,104.15270857377486,45.63636363636363
39673118,SZ_TAXI/H,48.0,312.0,1.0,electricity/H,48.0,7380.0,1.0,electricity/W,8.0,1104.0,1.0,LOOP_SEATTLE/D,30.0,646.0,1.0,hospital,12.0,767.0,1.0,solar/W,8.0,137.0,1.0,us_births/D,30.0,20.0,1.0,M_DENSE/D,30.0,90.0,1.0,covid_deaths,30.0,226.0,1.0,SZ_TAXI/15T,48.0,1092.0,1.0,hierarchical_sales/D,30.0,826.0,1.0,hierarchical_sales/D,30.0,826.0,1.0,saugeenday/W,8.0,20.0,1.0,2400.0,5e-05,32.0,0.0,0.0,2156.749256372452,0.362410051070177,0.35681827769436153,0.35681827769436153,10.0,9.0,Early stopping due no time.,215.67492892742158,49.0
39673119,SZ_TAXI/H,48.0,312.0,1.0,electricity/H,48.0,7380.0,1.0,electricity/W,8.0,1104.0,1.0,LOOP_SEATTLE/D,30.0,646.0,1.0,hospital,12.0,767.0,1.0,solar/W,8.0,137.0,1.0,us_births/D,30.0,20.0,1.0,M_DENSE/D,30.0,90.0,1.0,covid_deaths,30.0,226.0,1.0,SZ_TAXI/15T,48.0,1092.0,1.0,hierarchical_sales/D,30.0,826.0,1.0,hierarchical_sales/D,30.0,826.0,1.0,saugeenday/W,8.0,20.0,1.0,2400.0,5e-05,32.0,0.0001,0.0,2159.23655629158,0.362410051070177,0.35641619587469675,0.35641619587469675,10.0,9.0,Early stopping due no time.,215.9236589193344,57.4
39673120,SZ_TAXI/H,48.0,312.0,1.0,electricity/H,48.0,7380.0,1.0,electricity/W,8.0,1104.0,1.0,LOOP_SEATTLE/D,30.0,646.0,1.0,hospital,12.0,767.0,1.0,solar/W,8.0,137.0,1.0,us_births/D,30.0,20.0,1.0,M_DENSE/D,30.0,90.0,1.0,covid_deaths,30.0,226.0,1.0,SZ_TAXI/15T,48.0,1092.0,1.0,hierarchical_sales/D,30.0,826.0,1.0,hierarchical_sales/D,30.0,826.0,1.0,saugeenday/W,8.0,20.0,1.0,2400.0,5e-05,32.0,0.0015,0.0,2149.0438990592957,0.362410051070177,0.3568313763180373,0.3568313763180373,10.0,9.0,Early stopping due no time.,214.9043931722641,47.0
39673121,,,,,,,,,,,,,,,,,,,,,,,,,,,,,,,,,,,,,,,,,,,,,,,,,,,,,,,,,,,,,,,,,,
39673122,,,,,,,,,,,,,,,,,,,,,,,,,,,,,,,,,,,,,,,,,,,,,,,,,,,,,,,,,,,,,,,,,,
39673123,,,,,,,,,,,,,,,,,,,,,,,,,,,,,,,,,,,,,,,,,,,,,,,,,,,,,,,,,,,,,,,,,,
39673124,SZ_TAXI/H,48.0,312.0,1.0,electricity/H,48.0,7380.0,1.0,electricity/W,8.0,1104.0,1.0,LOOP_SEATTLE/D,30.0,646.0,1.0,hospital,12.0,767.0,1.0,solar/W,8.0,137.0,1.0,us_births/D,30.0,20.0,1.0,M_DENSE/D,30.0,90.0,1.0,covid_deaths,30.0,226.0,1.0,SZ_TAXI/15T,48.0,1092.0,1.0,hierarchical_sales/D,30.0,826.0,1.0,hierarchical_sales/D,30.0,826.0,1.0,saugeenday/W,8.0,20.0,1.0,2400.0,5e-06,2.0,0.0,0.0,2390.856612920761,0.362410051070177,0.35855718530229025,0.35855718530229025,129.0,119.0,Early stopping due no time.,18.533774464629417,37.42635658914729
39673125,SZ_TAXI/H,48.0,312.0,1.0,electricity/H,48.0,7380.0,1.0,electricity/W,8.0,1104.0,1.0,LOOP_SEATTLE/D,30.0,646.0,1.0,hospital,12.0,767.0,1.0,solar/W,8.0,137.0,1.0,us_births/D,30.0,20.0,1.0,M_DENSE/D,30.0,90.0,1.0,covid_deaths,30.0,226.0,1.0,SZ_TAXI/15T,48.0,1092.0,1.0,hierarchical_sales/D,30.0,826.0,1.0,hierarchical_sales/D,30.0,826.0,1.0,saugeenday/W,8.0,20.0,1.0,2400.0,5e-06,2.0,0.0001,0.0,2425.4239444732666,0.362410051070177,0.3578580485918874,0.3578580485918874,130.0,129.0,Early stopping due no time.,18.657108682852524,37.96923076923077
39673126,SZ_TAXI/H,48.0,312.0,1.0,electricity/H,48.0,7380.0,1.0,electricity/W,8.0,1104.0,1.0,LOOP_SEATTLE/D,30.0,646.0,1.0,hospital,12.0,767.0,1.0,solar/W,8.0,137.0,1.0,us_births/D,30.0,20.0,1.0,M_DENSE/D,30.0,90.0,1.0,covid_deaths,30.0,226.0,1.0,SZ_TAXI/15T,48.0,1092.0,1.0,hierarchical_sales/D,30.0,826.0,1.0,hierarchical_sales/D,30.0,826.0,1.0,saugeenday/W,8.0,20.0,1.0,2400.0,5e-06,2.0,0.0015,0.0,2399.171130180359,0.362410051070177,0.3587384993174978,0.3587384993174978,129.0,119.0,Early stopping due no time.,18.59822653430377,37.91472868217054
39673127,SZ_TAXI/H,48.0,312.0,1.0,electricity/H,48.0,7380.0,1.0,electricity/W,8.0,1104.0,1.0,LOOP_SEATTLE/D,30.0,646.0,1.0,hospital,12.0,767.0,1.0,solar/W,8.0,137.0,1.0,us_births/D,30.0,20.0,1.0,M_DENSE/D,30.0,90.0,1.0,covid_deaths,30.0,226.0,1.0,SZ_TAXI/15T,48.0,1092.0,1.0,hierarchical_sales/D,30.0,826.0,1.0,hierarchical_sales/D,30.0,826.0,1.0,saugeenday/W,8.0,20.0,1.0,2400.0,5e-06,4.0,0.0,0.0,2385.559117078781,0.362410051070177,0.3592050620683183,0.3592050620683183,67.0,59.0,Early stopping due no time.,35.60536070012335,45.492537313432834
39673128,SZ_TAXI/H,48.0,312.0,1.0,electricity/H,48.0,7380.0,1.0,electricity/W,8.0,1104.0,1.0,LOOP_SEATTLE/D,30.0,646.0,1.0,hospital,12.0,767.0,1.0,solar/W,8.0,137.0,1.0,us_births/D,30.0,20.0,1.0,M_DENSE/D,30.0,90.0,1.0,covid_deaths,30.0,226.0,1.0,SZ_TAXI/15T,48.0,1092.0,1.0,hierarchical_sales/D,30.0,826.0,1.0,hierarchical_sales/D,30.0,826.0,1.0,saugeenday/W,8.0,20.0,1.0,2400.0,5e-06,4.0,0.0001,0.0,2384.2129147052765,0.362410051070177,0.35945255642423857,0.35945255642423857,67.0,59.0,Early stopping due no time.,35.58526808824112,45.64179104477612
39673129,SZ_TAXI/H,48.0,312.0,1.0,electricity/H,48.0,7380.0,1.0,electricity/W,8.0,1104.0,1.0,LOOP_SEATTLE/D,30.0,646.0,1.0,hospital,12.0,767.0,1.0,solar/W,8.0,137.0,1.0,us_births/D,30.0,20.0,1.0,M_DENSE/D,30.0,90.0,1.0,covid_deaths,30.0,226.0,1.0,SZ_TAXI/15T,48.0,1092.0,1.0,hierarchical_sales/D,30.0,826.0,1.0,hierarchical_sales/D,30.0,826.0,1.0,saugeenday/W,8.0,20.0,1.0,2400.0,5e-06,4.0,0.0015,0.0,2371.424707174301,0.362410051070177,0.35970628240065283,0.35970628240065283,67.0,59.0,Early stopping due no time.,35.394399365382405,45.149253731343286
39673130,SZ_TAXI/H,48.0,312.0,1.0,electricity/H,48.0,7380.0,1.0,electricity/W,8.0,1104.0,1.0,LOOP_SEATTLE/D,30.0,646.0,1.0,hospital,12.0,767.0,1.0,solar/W,8.0,137.0,1.0,us_births/D,30.0,20.0,1.0,M_DENSE/D,30.0,90.0,1.0,covid_deaths,30.0,226.0,1.0,SZ_TAXI/15T,48.0,1092.0,1.0,hierarchical_sales/D,30.0,826.0,1.0,hierarchical_sales/D,30.0,826.0,1.0,saugeenday/W,8.0,20.0,1.0,2400.0,5e-06,8.0,0.0,0.0,2375.982586622238,0.362410051070177,0.3591131221556662,0.36068120748530513,35.0,19.0,Early stopping due no time.,67.88521791866847,50.05714285714286
39673131,SZ_TAXI/H,48.0,312.0,1.0,electricity/H,48.0,7380.0,1.0,electricity/W,8.0,1104.0,1.0,LOOP_SEATTLE/D,30.0,646.0,1.0,hospital,12.0,767.0,1.0,solar/W,8.0,137.0,1.0,us_births/D,30.0,20.0,1.0,M_DENSE/D,30.0,90.0,1.0,covid_deaths,30.0,226.0,1.0,SZ_TAXI/15T,48.0,1092.0,1.0,hierarchical_sales/D,30.0,826.0,1.0,hierarchical_sales/D,30.0,826.0,1.0,saugeenday/W,8.0,20.0,1.0,2400.0,5e-06,8.0,0.0001,0.0,2348.7018568515778,0.362410051070177,0.3588359680177202,0.36001551482154753,35.0,19.0,Early stopping due no time.,67.1057685647692,47.94285714285714
39673132,SZ_TAXI/H,48.0,312.0,1.0,electricity/H,48.0,7380.0,1.0,electricity/W,8.0,1104.0,1.0,LOOP_SEATTLE/D,30.0,646.0,1.0,hospital,12.0,767.0,1.0,solar/W,8.0,137.0,1.0,us_births/D,30.0,20.0,1.0,M_DENSE/D,30.0,90.0,1.0,covid_deaths,30.0,226.0,1.0,SZ_TAXI/15T,48.0,1092.0,1.0,hierarchical_sales/D,30.0,826.0,1.0,hierarchical_sales/D,30.0,826.0,1.0,saugeenday/W,8.0,20.0,1.0,2400.0,5e-06,8.0,0.0015,0.0,2352.3850724697113,0.362410051070177,0.3592123805425153,0.3600724785038019,35.0,19.0,Early stopping due no time.,67.21100321497237,50.457142857142856
39673133,SZ_TAXI/H,48.0,312.0,1.0,electricity/H,48.0,7380.0,1.0,electricity/W,8.0,1104.0,1.0,LOOP_SEATTLE/D,30.0,646.0,1.0,hospital,12.0,767.0,1.0,solar/W,8.0,137.0,1.0,us_births/D,30.0,20.0,1.0,M_DENSE/D,30.0,90.0,1.0,covid_deaths,30.0,226.0,1.0,SZ_TAXI/15T,48.0,1092.0,1.0,hierarchical_sales/D,30.0,826.0,1.0,hierarchical_sales/D,30.0,826.0,1.0,saugeenday/W,8.0,20.0,1.0,2400.0,5e-06,16.0,0.0,0.0,2290.297881603241,0.362410051070177,0.3620166793528764,0.3623782868312613,21.0,9.0,Early stopping due no time.,109.06180570239113,50.42857142857143
39673134,SZ_TAXI/H,48.0,312.0,1.0,electricity/H,48.0,7380.0,1.0,electricity/W,8.0,1104.0,1.0,LOOP_SEATTLE/D,30.0,646.0,1.0,hospital,12.0,767.0,1.0,solar/W,8.0,137.0,1.0,us_births/D,30.0,20.0,1.0,M_DENSE/D,30.0,90.0,1.0,covid_deaths,30.0,226.0,1.0,SZ_TAXI/15T,48.0,1092.0,1.0,hierarchical_sales/D,30.0,826.0,1.0,hierarchical_sales/D,30.0,826.0,1.0,saugeenday/W,8.0,20.0,1.0,2400.0,5e-06,16.0,0.0001,0.0,2289.781338453293,0.362410051070177,0.36218106025400953,0.36218106025400953,21.0,19.0,Early stopping due no time.,109.0372085911887,45.38095238095238
39673135,SZ_TAXI/H,48.0,312.0,1.0,electricity/H,48.0,7380.0,1.0,electricity/W,8.0,1104.0,1.0,LOOP_SEATTLE/D,30.0,646.0,1.0,hospital,12.0,767.0,1.0,solar/W,8.0,137.0,1.0,us_births/D,30.0,20.0,1.0,M_DENSE/D,30.0,90.0,1.0,covid_deaths,30.0,226.0,1.0,SZ_TAXI/15T,48.0,1092.0,1.0,hierarchical_sales/D,30.0,826.0,1.0,hierarchical_sales/D,30.0,826.0,1.0,saugeenday/W,8.0,20.0,1.0,2400.0,5e-06,16.0,0.0015,0.0,2297.2120916843414,0.362410051070177,0.36208522154202666,0.36208522154202666,21.0,19.0,Early stopping due no time.,109.39105376743134,51.23809523809524
39673136,SZ_TAXI/H,48.0,312.0,1.0,electricity/H,48.0,7380.0,1.0,electricity/W,8.0,1104.0,1.0,LOOP_SEATTLE/D,30.0,646.0,1.0,hospital,12.0,767.0,1.0,solar/W,8.0,137.0,1.0,us_births/D,30.0,20.0,1.0,M_DENSE/D,30.0,90.0,1.0,covid_deaths,30.0,226.0,1.0,SZ_TAXI/15T,48.0,1092.0,1.0,hierarchical_sales/D,30.0,826.0,1.0,hierarchical_sales/D,30.0,826.0,1.0,saugeenday/W,8.0,20.0,1.0,2400.0,5e-06,32.0,0.0,0.0,2164.6983387470245,0.362410051070177,0.362410051070177,0.36353168230557514,10.0,0.0,Early stopping due no time.,216.4698371887207,53.5
39673137,SZ_TAXI/H,48.0,312.0,1.0,electricity/H,48.0,7380.0,1.0,electricity/W,8.0,1104.0,1.0,LOOP_SEATTLE/D,30.0,646.0,1.0,hospital,12.0,767.0,1.0,solar/W,8.0,137.0,1.0,us_births/D,30.0,20.0,1.0,M_DENSE/D,30.0,90.0,1.0,covid_deaths,30.0,226.0,1.0,SZ_TAXI/15T,48.0,1092.0,1.0,hierarchical_sales/D,30.0,826.0,1.0,hierarchical_sales/D,30.0,826.0,1.0,saugeenday/W,8.0,20.0,1.0,2400.0,5e-06,32.0,0.0001,0.0,2155.4461925029755,0.362410051070177,0.362410051070177,0.3628910012226484,10.0,0.0,Early stopping due no time.,215.54462251663207,51.5
39673138,SZ_TAXI/H,48.0,312.0,1.0,electricity/H,48.0,7380.0,1.0,electricity/W,8.0,1104.0,1.0,LOOP_SEATTLE/D,30.0,646.0,1.0,hospital,12.0,767.0,1.0,solar/W,8.0,137.0,1.0,us_births/D,30.0,20.0,1.0,M_DENSE/D,30.0,90.0,1.0,covid_deaths,30.0,226.0,1.0,SZ_TAXI/15T,48.0,1092.0,1.0,hierarchical_sales/D,30.0,826.0,1.0,hierarchical_sales/D,30.0,826.0,1.0,saugeenday/W,8.0,20.0,1.0,2400.0,5e-06,32.0,0.0015,0.0,2182.441861629486,0.362410051070177,0.362410051070177,0.36290929016596946,10.0,0.0,Early stopping due no time.,218.24418942928315,56.1
39673139,,,,,,,,,,,,,,,,,,,,,,,,,,,,,,,,,,,,,,,,,,,,,,,,,,,,,,,,,,,,,,,,,,
39673140,,,,,,,,,,,,,,,,,,,,,,,,,,,,,,,,,,,,,,,,,,,,,,,,,,,,,,,,,,,,,,,,,,
39673141,,,,,,,,,,,,,,,,,,,,,,,,,,,,,,,,,,,,,,,,,,,,,,,,,,,,,,,,,,,,,,,,,,
